{
  "version": "2022.2",
  "applications": [],
  "platforms": [
    {
      "name": "base_top"
    }
  ],
  "systems": [
    {
      "name": "cli_system",
      "platform": "C:/qaz/repos/zuboard_1cg/sw/base/base_top/export/base_top/base_top.xpfm",
      "sysConfig": "base_top",
      "buildConfig": "Debug",
      "applications": [
        {
          "name": "cli",
          "platform": "C:/qaz/repos/zuboard_1cg/sw/base/base_top/export/base_top/base_top.xpfm",
          "platformPath": "C:\\qaz\\repos\\zuboard_1cg\\sw\\base\\base_top\\export\\base_top",
          "sysConfig": "base_top",
          "domain": "standalone_psu_cortexa53_0",
          "system": "cli_system"
        }
      ],
      "platformPath": "C:\\qaz\\repos\\zuboard_1cg\\sw\\base\\base_top\\export\\base_top"
    }
  ],
  "others": []
}